<?xml version='1.0' encoding='utf-8'?>
<Deployment AppPlatformVersion="8.0" xmlns="http://schemas.microsoft.com/windowsphone/2012/deployment">
    <DefaultLanguage code="en-US" xmlns="" />
    <Languages xmlns="">
        <Language code="en-US" />
    </Languages>
    <App Author="Your Name Here" BitsPerPixel="32" Description="An Ionic Framework and Cordova project." Genre="apps.normal" ProductID="{f66785c0-0f87-11e6-bb5b-6b32ff4b9104}" Publisher="Your Name Here" PublisherID="{db093ed5-53b1-45f7-af72-751e8f36ab80}" RuntimeType="Silverlight" Title="ionic-sidemenu" Version="0.0.1" xmlns="">
        <IconPath IsRelative="true" IsResource="false">ApplicationIcon.png</IconPath>
        <Capabilities>
            <Capability Name="ID_CAP_WEBBROWSERCOMPONENT" />
            <Capability Name="ID_CAP_NETWORKING" />
            <Capability Name="ID_CAP_IDENTITY_DEVICE" />
        </Capabilities>
        <Tasks>
            <DefaultTask Name="_default" NavigationPage="MainPage.xaml" />
        </Tasks>
        <Tokens>
            <PrimaryToken TaskName="_default" TokenID="ionic-sidemenuToken">
                <TemplateFlip>
                    <SmallImageURI IsRelative="true" IsResource="false">Background.png</SmallImageURI>
                    <Count>0</Count>
                    <BackgroundImageURI IsRelative="true" IsResource="false">Background.png</BackgroundImageURI>
                    <Title>ionic-sidemenu</Title>
                    <BackContent />
                    <BackBackgroundImageURI />
                    <BackTitle />
                    <LargeBackgroundImageURI />
                    <LargeBackContent />
                    <LargeBackBackgroundImageURI />
                    <DeviceLockImageURI />
                    <HasLarge>false</HasLarge>
                </TemplateFlip>
            </PrimaryToken>
        </Tokens>
        <ScreenResolutions>
            <ScreenResolution Name="ID_RESOLUTION_WVGA" />
            <ScreenResolution Name="ID_RESOLUTION_WXGA" />
            <ScreenResolution Name="ID_RESOLUTION_HD720P" />
        </ScreenResolutions>
    </App>
</Deployment>
