{
    "prepare_queue": {
        "installed": [],
        "uninstalled": []
    },
    "config_munge": {
        "files": {
            "config.xml": {
                "parents": {
                    "/*": [
                        {
                            "xml": "<feature name=\"Console\"><param name=\"wp-package\" value=\"DebugConsole\" /></feature>",
                            "count": 1
                        },
                        {
                            "xml": "<feature name=\"Device\"><param name=\"wp-package\" value=\"Device\" /></feature>",
                            "count": 1
                        },
                        {
                            "xml": "<feature name=\"StatusBar\"><param name=\"wp-package\" value=\"StatusBar\" /></feature>",
                            "count": 1
                        },
                        {
                            "xml": "<feature name=\"WebSql\"><param name=\"wp-package\" value=\"WebSql\" /></feature>",
                            "count": 1
                        }
                    ]
                }
            },
            "Properties/WMAppManifest.xml": {
                "parents": {
                    "/Deployment/App/Capabilities": [
                        {
                            "xml": "<Capability Name=\"ID_CAP_IDENTITY_DEVICE\" />",
                            "count": 1
                        }
                    ]
                }
            }
        }
    },
    "installed_plugins": {
        "cordova-plugin-console": {
            "PACKAGE_NAME": "{f66785c0-0f87-11e6-bb5b-6b32ff4b9104}"
        },
        "cordova-plugin-device": {
            "PACKAGE_NAME": "{f66785c0-0f87-11e6-bb5b-6b32ff4b9104}"
        },
        "cordova-plugin-statusbar": {
            "PACKAGE_NAME": "{f66785c0-0f87-11e6-bb5b-6b32ff4b9104}"
        },
        "cordova-plugin-whitelist": {
            "PACKAGE_NAME": "{f66785c0-0f87-11e6-bb5b-6b32ff4b9104}"
        },
        "ionic-plugin-keyboard": {
            "PACKAGE_NAME": "{f66785c0-0f87-11e6-bb5b-6b32ff4b9104}"
        },
        "cordova-plugin-websql": {
            "PACKAGE_NAME": "{f66785c0-0f87-11e6-bb5b-6b32ff4b9104}"
        }
    },
    "dependent_plugins": {},
    "modules": [
        {
            "file": "plugins/cordova-plugin-console/www/console-via-logger.js",
            "id": "cordova-plugin-console.console",
            "pluginId": "cordova-plugin-console",
            "clobbers": [
                "console"
            ]
        },
        {
            "file": "plugins/cordova-plugin-console/www/logger.js",
            "id": "cordova-plugin-console.logger",
            "pluginId": "cordova-plugin-console",
            "clobbers": [
                "cordova.logger"
            ]
        },
        {
            "file": "plugins/cordova-plugin-device/www/device.js",
            "id": "cordova-plugin-device.device",
            "pluginId": "cordova-plugin-device",
            "clobbers": [
                "device"
            ]
        },
        {
            "file": "plugins/cordova-plugin-statusbar/www/statusbar.js",
            "id": "cordova-plugin-statusbar.statusbar",
            "pluginId": "cordova-plugin-statusbar",
            "clobbers": [
                "window.StatusBar"
            ]
        },
        {
            "file": "plugins/cordova-plugin-websql/www/WebSQL.js",
            "id": "cordova-plugin-websql.WebSQL",
            "pluginId": "cordova-plugin-websql",
            "merges": [
                "window"
            ]
        },
        {
            "file": "plugins/cordova-plugin-websql/www/wp8/Database.js",
            "id": "cordova-plugin-websql.Database",
            "pluginId": "cordova-plugin-websql"
        },
        {
            "file": "plugins/cordova-plugin-websql/www/wp8/SqlTransaction.js",
            "id": "cordova-plugin-websql.SqlTransaction",
            "pluginId": "cordova-plugin-websql"
        }
    ],
    "plugin_metadata": {
        "cordova-plugin-console": "1.0.3",
        "cordova-plugin-device": "1.1.2",
        "cordova-plugin-statusbar": "2.1.3",
        "cordova-plugin-whitelist": "1.2.2",
        "ionic-plugin-keyboard": "1.0.9",
        "cordova-plugin-websql": "0.0.10"
    }
}